ID,Azienda,Indirizzo,Telefono,Nome,Cognome
1,Relais Euterpini,"Strada Provinciale Perimetrale di Pantelleria, 122 - 91017 Pantelleria (TP)",+390923918070,nome,cognome
2,Doit Viaggi,"Via Tiziano Aspetti, 246 - 35133 Padova (PD)",+39049618500,nome,cognome
3,Etli-Tn Agenzia Viaggi Welcometravel,"Corso Antonio Rosmini, 82 - 38068 Rovereto (TN)",+390464431507,nome,cognome
4,"KVW, Katholischer Verband der Werktätigen","Piazza della Parrocchia, 31 - 39100 Bolzano (BZ)",+390471300214,nome,cognome
5,Carraresi Tour,"Via Facciolati Jacopo, 160/B - 35127 Padova (PD)",+390498763020,nome,cognome
6,Panorama Viaggi,"Viale Venezia, 61/I - 25123 Brescia (BS)",+39030360449,nome,cognome
7,Agenzia Campiello Viaggi,"Piazza Castello, 3 - 31046 Oderzo (TV)",+390422814083,nome,cognome
8,Digital Travel Agency - Digital Office Services e Internet Point,"Via Domenico Trentacoste, 44 - 90143 Palermo (PA)",+390912513500,nome,cognome
9,Digital Travel Agency - Digital Office Services e Internet Point,"Via Domenico Trentacoste, 44 - 90143 Palermo (PA)",+393887960567,nome,cognome
10,Nordica Viaggi,"Via Carlo Emanuele III, 26 - 12100 Cuneo (CN)",+393385407052,nome,cognome
11,Nordica Viaggi,"Via Carlo Emanuele III, 26 - 12100 Cuneo (CN)",+390171699113,nome,cognome
12,Parente Viaggi,"Contrada Piane, 40 - 66023 Francavilla al Mare (CH)",+39085817229,nome,cognome
13,Parente Viaggi,"Contrada Piane, 40 - 66023 Francavilla al Mare (CH)",+393452310768,nome,cognome
14,Agenzia Viaggi Tsi,"Via Cassia, 1771 - 00123 Roma (RM)",+390630860356,nome,cognome
15,Calesse Viaggi,"Via Adamello, 6 - 37036 San Martino Buon Albergo (VR)",+390458799026,nome,cognome
16,Calesse Viaggi,"Via Adamello, 6 - 37036 San Martino Buon Albergo (VR)",+393939917600,nome,cognome
17,Agenzia Viaggi S-Cape Travel / Sloways,"Borgo Allegri, 16R - 50122 Firenze (FI)",+390552340736,nome,cognome
18,Agenzia Viaggi Kubaba,"Via Marconi, 1 - 10014 Caluso (TO)",+390119833198,nome,cognome
19,Agenzia Viaggi Vuelta Vacanze,"Corso Giuseppe Garibaldi, 16 - 89015 Palmi (RC)",+39096624560,nome,cognome
20,Agintour Viaggi e Turismo,"Piazza Vittorio Emanuele, 10 - 70043 Monopoli (BA)",+390809303100,nome,cognome
21,Geographica Viaggi,"Via Sante Conti, 7/L/M - 42027 Montecchio Emilia (RE)",+390522864649,nome,cognome
22,Bi Bi Worldwide,"Via Marsala, 18 - 21013 Gallarate (VA)",+390331798986,nome,cognome
23,El Bragosso Va... Escursioni Nautiche,"Via Aleardo Aleardi, 132/B - 30172 Venezia (VE)",+393358361650,nome,cognome
24,El Bragosso Va... Escursioni Nautiche,"Via Aleardo Aleardi, 132/B - 30172 Venezia (VE)",+393357760534,nome,cognome
25,Italvie Agenzia Viaggi e Turismo,"Piazza Martiri della Libertà, 4 - 64100 Teramo (TE)",+390861243441,nome,cognome
26,Italvie Agenzia Viaggi e Turismo,"Piazza Martiri della Libertà, 4 - 64100 Teramo (TE)",+393467943561,nome,cognome
27,"Agenzia di Viaggi "" Islas Do Sol ""","Corso Giuseppe Mazzini, 280 - 57126 Livorno (LI)",+390586886703,nome,cognome
28,"Agenzia di Viaggi "" Islas Do Sol ""","Corso Giuseppe Mazzini, 280 - 57126 Livorno (LI)",+393892013422,nome,cognome
29,Agenzia Viaggi Cesare Vinci,"Corso Italia, 157 - 95018 Riposto (CT)",+390957794688,nome,cognome
30,Agenzia Viaggi Cesare Vinci,"Corso Italia, 157 - 95018 Riposto (CT)",+39095931231,nome,cognome
31,Turistar,"Viale San Bartolomeo, 665 - 19126 La Spezia (SP)",+390187516712,nome,cognome
32,Agenzia Viaggi Quarzo Viaggi,"Stradone Porta Palio, 19 - 37122 Verona (VR)",+390458015508,nome,cognome
33,Agenzia Viaggi Quarzo Viaggi,"Stradone Porta Palio, 19 - 37122 Verona (VR)",+393483680338,nome,cognome
34,I Segreti del Mondo Antares Travel,"Via Roma, 46 - 80040 Volla (NA)",+390817745517,nome,cognome
35,I Segreti del Mondo Antares Travel,"Via Roma, 46 - 80040 Volla (NA)",+390817745538,nome,cognome
36,I Segreti del Mondo Antares Travel,"Via Roma, 46 - 80040 Volla (NA)",+393467325653,nome,cognome
37,Viaggi Gardena - Gröden Reisen Sas,"Strada Plan, 36/C - 39048 Selva di Val Gardena (BZ)",+390471795150,nome,cognome
38,Viaggi Gardena - Gröden Reisen Sas,"Strada Plan, 36/C - 39048 Selva di Val Gardena (BZ)",+393356252278,nome,cognome
39,Ventre Autolinee,"Contrada Pergola, 5 - 85052 Marsico Nuovo (PZ)",+390975343195,nome,cognome
40,Madison Travel Agenzia Viaggi,"Via Cesare Battisti, 65 - 35121 Padova (PD)",+390498751882,nome,cognome
41,La Giostra dei Viaggi,"Via Piave, 1 - 20021 Bollate (MI)",+390238301670,nome,cognome
42,La Giostra dei Viaggi,"Via Piave, 1 - 20021 Bollate (MI)",+390238301671,nome,cognome
43,Befi Tour,"Via Roma, 137 - 80044 Ottaviano (NA)",+393939214593,nome,cognome
44,Befi Tour,"Via Roma, 137 - 80044 Ottaviano (NA)",+390813382607,nome,cognome
45,Sinis Viaggi - Agenzia di Viaggi e Turismo,"Via Romagna, 7 - 09170 Oristano (OR)",+390783763030,nome,cognome
46,Sinis Viaggi - Agenzia di Viaggi e Turismo,"Via Romagna, 7 - 09170 Oristano (OR)",+393279363110,nome,cognome
47,Bubble Viaggi,"Piazza della Vittoria, 140 - 16121 Genova (GE)",+390103519011,nome,cognome
48,Ceylon Travel,"Via Vittorio Veneto, 27 - 39042 Bressanone (BZ)",+390472200108,nome,cognome
49,Antigua Travel,"Via Orlando Vittorio Emanuele, 136 - 95127 Catania (CT)",+39095439294,nome,cognome
50,Agenzia Turistica Walser Viaggi,"Corso Roma, 44 - 13019 Varallo (VC)",+39016354095,nome,cognome
51,Agenzia Turistica Walser Viaggi,"Corso Roma, 44 - 13019 Varallo (VC)",+393478031151,nome,cognome
52,Agenzia Eurovilla,"Corso Garibaldi, 176 - 94010 Villarosa (EN)",+39093531417,nome,cognome
53,Agenzia Eurovilla,"Corso Garibaldi, 176 - 94010 Villarosa (EN)",+393335346816,nome,cognome
54,Agenzia Eurovilla,"Corso Garibaldi, 176 - 94010 Villarosa (EN)",+393205587089,nome,cognome
55,Servizi Ampezzo Unipersonale,"Località Sacus, 4 - 32043 Cortina d'Ampezzo (BL)",+390436881828,nome,cognome
56,Brubus Servizi Turistici - Autonoleggio,"Via della Cupola, 235 - 50145 Firenze (FI)",+390552398411,nome,cognome
57,Brubus Servizi Turistici - Autonoleggio,"Via della Cupola, 235 - 50145 Firenze (FI)",+39055218910,nome,cognome
58,Elle Viaggi,"Via Roma, 100 - 75028 Tursi (MT)",+390835500003,nome,cognome
59,Elle Viaggi,"Via Roma, 100 - 75028 Tursi (MT)",+393472889725,nome,cognome
60,Agenzia Viaggi Funanà,"Piazza Cairoli, 36 - 26845 Codogno (LO)",+390377435018,nome,cognome
61,Agenzia Viaggi Funanà,"Piazza Cairoli, 36 - 26845 Codogno (LO)",+390377432030,nome,cognome
62,Experience Travel Bastiani Travel,"Via Scuderlando, 112 - 37135 Verona (VR)",+390458104324,nome,cognome
63,Associazione Turismo Castelrotto,"Piazza Kraus, 2 - 39040 Castelrotto (BZ)",+390471706333,nome,cognome
64,Betulle Viaggi,"Via Dante Alighieri, 32 - 38056 Levico Terme (TN)",+390461702032,nome,cognome
65,Betulle Viaggi,"Via Dante Alighieri, 32 - 38056 Levico Terme (TN)",+393488846918,nome,cognome
66,Iozzia Giovanni Viaggi,"Piazza Corrado Rizzone, 43 - 97015 Modica (RG)",+390932944688,nome,cognome
67,Iozzia Giovanni Viaggi,"Piazza Corrado Rizzone, 43 - 97015 Modica (RG)",+390932943985,nome,cognome
68,Mareva Tour,"Viale Vittorio Veneto, 129 - 62012 Civitanova Marche (MC)",+390733775665,nome,cognome
69,Mareva Tour,"Viale Vittorio Veneto, 129 - 62012 Civitanova Marche (MC)",+393925487779,nome,cognome
70,Zig Zag Viaggi,"Piazza Alessandro Manzoni, 11 - 23900 Lecco (LC)",+390341284154,nome,cognome
71,Vous Allez Viaggi,"Largo Zanardelli, 35/A - 25016 Ghedi (BS)",+390309050346,nome,cognome
72,Iantra,"Piazza Donatori di Sangue, 5 - 37124 Verona (VR)",+390458303306,nome,cognome
73,Kibo Viaggi Biella,"Piazza Martiri della Libertà, 3 - 13900 Biella (BI)",+390152522456,nome,cognome
74,Kibo Viaggi Biella,"Piazza Martiri della Libertà, 3 - 13900 Biella (BI)",+393403435147,nome,cognome
75,Tartaruga Viaggi,"Via Galilei Galileo, 20/22 - 26845 Codogno (LO)",+39037730138,nome,cognome
76,Tartaruga Viaggi,"Via Galilei Galileo, 20/22 - 26845 Codogno (LO)",+390377431697,nome,cognome
77,Agenzia Viaggi Perazzini,"Viale Nino Bixio, 3/A - 47838 Riccione (RN)",+390541601753,nome,cognome
78,American Dream - Viaggi e Tour,"Via Fontana Felice, 53 - 50144 Firenze (FI)",+390553289245,nome,cognome
79,American Dream - Viaggi e Tour,"Via Fontana Felice, 53 - 50144 Firenze (FI)",+390553215124,nome,cognome
80,Automobilistica Perego,"Piazza Stazione, 5 - 23037 Tirano (SO)",+390342701200,nome,cognome
81,Automobilistica Perego,"Piazza Stazione, 5 - 23037 Tirano (SO)",+390342701238,nome,cognome
82,Jenia Viaggi,"Piazza San Placido, 5 - 95131 Catania (CT)",+390957150493,nome,cognome
83,Jenia Viaggi,"Piazza San Placido, 5 - 95131 Catania (CT)",+393471648794,nome,cognome
84,Agenzia Tinari Viaggi,"Viale Sandro Pertini, 4 - 66054 Vasto (CH)",+393487344215,nome,cognome
85,Agenzia Tinari Viaggi,"Viale Sandro Pertini, 4 - 66054 Vasto (CH)",+390873364075,nome,cognome
86,Parajso Viaggi,"Via San Salvatore, 72 - 09040 Settimo San Pietro (CA)",+390707642046,nome,cognome
87,Parajso Viaggi,"Via San Salvatore, 72 - 09040 Settimo San Pietro (CA)",+393475169305,nome,cognome
88,Pasqua Trasporti e Turismo,"Via Cesare Ottato, 3 - 87022 Cetraro (CS)",+39098291102,nome,cognome
89,Pasqua Trasporti e Turismo,"Via Cesare Ottato, 3 - 87022 Cetraro (CS)",+393356499465,nome,cognome
90,Aquila Bianca,"Via delle Mimose, 7 - 08045 Lanusei (NU)",+39078240630,nome,cognome
91,Aquila Bianca,"Via delle Mimose, 7 - 08045 Lanusei (NU)",+393278172736,nome,cognome
92,Agenzia Viaggi Monginevro,"Via Monginevro, 167 - 10141 Torino (TO)",+393463117744,nome,cognome
93,Agenzia Viaggi Monginevro,"Via Monginevro, 167 - 10141 Torino (TO)",+390113859992,nome,cognome
94,Relaxing Tours,"Corso Giuseppe Garibaldi, 410 - 80142 Napoli (NA)",+39081202034,nome,cognome
95,Relaxing Tours,"Corso Giuseppe Garibaldi, 410 - 80142 Napoli (NA)",+39081553496,nome,cognome
96,Relaxing Tours,"Corso Giuseppe Garibaldi, 410 - 80142 Napoli (NA)",+393487334598,nome,cognome
97,Esse Viaggi,"Via Marucchi, 6/C - 12037 Saluzzo (CN)",+39017547113,nome,cognome
98,Iris Viaggi,"Via Camillo Benso di Cavour, 30 - 12042 Bra (CN)",+390172424026,nome,cognome
99,Iris Viaggi,"Via Camillo Benso di Cavour, 30 - 12042 Bra (CN)",+393662615997,nome,cognome
100,Agenzia Viaggi Sant'Andrea Sas,"Via Lecce, 70 - 73014 Gallipoli (LE)",+390833261282,nome,cognome
101,Aladino Viaggi,"Corso Direzionale Is. F 11, 11 - 80100 Napoli (NA)",+390815789108,nome,cognome
102,Martignago - Autonoleggio Pullman G.T.,"Via G. B. Marzari, 40 - 31050 Fossalunga (TV)",+390423489212,nome,cognome
103,Immobiliare Mantineo,"Via Piave, 44/A - 98071 Capo d'Orlando (ME)",+390941911771,nome,cognome
104,Immobiliare Mantineo,"Via Piave, 44/A - 98071 Capo d'Orlando (ME)",+393381509825,nome,cognome
105,Santuario Nuragico di Santa Vittoria,Localita' Santa Vittoria - 08030 Serri (SU),+393460669068,nome,cognome
106,Santuario Nuragico di Santa Vittoria,Localita' Santa Vittoria - 08030 Serri (SU),+393475521874,nome,cognome
107,Autoservizi S.A.P.,"Via Monte Misma, 11 - 24020 Scanzorosciate (BG)",+390354599184,nome,cognome
108,Agenzia Viaggi Silver Coast Tour,"Via Pietro Aldi, 9 - 58015 Orbetello (GR)",+390564871368,nome,cognome
109,On Board Viaggi,"Via S. Gaudenzio, 8 - 28100 Novara (NO)",+390321620276,nome,cognome
110,On Board Viaggi,"Via S. Gaudenzio, 8 - 28100 Novara (NO)",+39032132099,nome,cognome
111,Agenzia Viaggi Pimeltours,"Via San Francesco, 20 - 07052 San Teodoro (SS)",+390784866205,nome,cognome
112,Agenzia Viaggi Pimeltours,"Via San Francesco, 20 - 07052 San Teodoro (SS)",+393471344654,nome,cognome
113,Agenzia Viaggi Pimeltours,"Via San Francesco, 20 - 07052 San Teodoro (SS)",+393484418825,nome,cognome
114,Autoservizi Tommasulo,"Via Fontana Nuova, 80 - 71026 Deliceto (FG)",+390881967106,nome,cognome
115,Gerundotour Agenzia Viaggi,"Largo della Pace, 10 - 26013 Crema (CR)",+390373259309,nome,cognome
116,Gerundotour Agenzia Viaggi,"Largo della Pace, 10 - 26013 Crema (CR)",+393713609127,nome,cognome
117,Agenzia Viaggi e Turismo De Nicola,"Via Sarino Pugliese, 86 - 89013 Gioia Tauro (RC)",+390966505013,nome,cognome
118,Agenzia Viaggi Dart Travel,"Via Roma, 18 - 38057 Pergine Valsugana (TN)",+390461530530,nome,cognome
119,Simoni Viaggi,"Strada Felice Cavallotti, 30/A - 43121 Parma (PR)",+390521228311,nome,cognome
120,Calzolaro Autolinee Day After Tour,"Via De Gasperi, 27 - 86039 Termoli (CB)",+390875705985,nome,cognome
121,Associazione Alto Corsaglia,"Località Fontane, 10 - 12082 Frabosa Soprana (CN)",+390174349240,nome,cognome
122,Associazione Alto Corsaglia,"Località Fontane, 10 - 12082 Frabosa Soprana (CN)",+393332728944,nome,cognome
123,Associazione Alto Corsaglia,"Località Fontane, 10 - 12082 Frabosa Soprana (CN)",+393487356250,nome,cognome
124,Duepuntozero Quartur Agenzia Viaggi,"Via Pitz'E Serra, 62/F - 09045 Quartu Sant'Elena (CA)",+390708696142,nome,cognome
125,Duepuntozero Quartur Agenzia Viaggi,"Via Pitz'E Serra, 62/F - 09045 Quartu Sant'Elena (CA)",+393926692768,nome,cognome
126,La Valigia dei Viaggi,"Via XX Settembre, 31 - 40026 Imola (BO)",+39054233522,nome,cognome
127,La Valigia dei Viaggi,"Via XX Settembre, 31 - 40026 Imola (BO)",+393929978746,nome,cognome
128,64th Travel,"Via Muzio Scevola, 41 - 00181 Roma (RM)",+390678348677,nome,cognome
129,Agenzia Viaggi Pronti... Via! S.n.c,"Piazza Dante Alighieri, 19 - 28062 Cameri (NO)",+390321517638,nome,cognome
130,Agenzia Viaggi Pronti... Via! S.n.c,"Piazza Dante Alighieri, 19 - 28062 Cameri (NO)",+390321644943,nome,cognome
131,Agenzia Currao Viaggi,"Via Leopardi Giacomo, 26 - 95127 Catania (CT)",+390957110032,nome,cognome
132,Agenzia Currao Viaggi,"Via Leopardi Giacomo, 26 - 95127 Catania (CT)",+393429830699,nome,cognome
133,Agenzia Seniorviaggi,"Corso Garibaldi, 128 - 55049 Viareggio (LU)",+39058445123,nome,cognome
134,Jockey Viaggi,"Via Euganea Treponti, 125 - 35037 Teolo (PD)",+390499902930,nome,cognome
135,Agenzia Viaggi Cabotour,"Via Giovanni Terenziani Poletti, 43 - 42025 Cavriago (RE)",+390522577141,nome,cognome
136,Agenzia Viaggi Paltours,"Piazza Roma, 28 - 25036 Palazzolo sull'Oglio (BS)",+390307400561,nome,cognome
137,Agenzia Viaggi Alohatour,"Corso Cairoli, 11 - 27100 Pavia (PV)",+390382539565,nome,cognome
138,Agenzia Viaggi Alohatour,"Corso Cairoli, 11 - 27100 Pavia (PV)",+393488696399,nome,cognome
139,Agenzia Fidelity Tours,"Via Baccanelle, 7 - 55032 Castelnuovo di Garfagnana (LU)",+39058362312,nome,cognome
140,Agenzia Fidelity Tours,"Via Baccanelle, 7 - 55032 Castelnuovo di Garfagnana (LU)",+393483586647,nome,cognome
141,Agenzia Viaggi Eventi GAP Service,"Via Corrado Ricci, 5 - 48121 Ravenna (RA)",+390544213890,nome,cognome
142,Agenzia Viaggi Sole Giallo Mare Blu,"Via Pasquale Stanislao Mancini, 41/43 - 83100 Avellino (AV)",+390825792078,nome,cognome
143,Agenzia Viaggi Sole Giallo Mare Blu,"Via Pasquale Stanislao Mancini, 41/43 - 83100 Avellino (AV)",+393391823399,nome,cognome
144,Agenzia Viaggi Sole Giallo Mare Blu,"Via Pasquale Stanislao Mancini, 41/43 - 83100 Avellino (AV)",+393801554498,nome,cognome
145,Basso Viaggi e Turismo,"Corso della Ceramica, 6 - 36063 Marostica (VI)",+390424471040,nome,cognome
146,Laredo Agenzia Viaggi,"Via Gaetano Schiratti, 9 - 31053 Pieve di Soligo (TV)",+390438981078,nome,cognome
147,Macciocchi Agenzia Viaggi,"Piazza XX Settembre, 13 - 03036 Isola del Liri (FR)",+390776808065,nome,cognome
148,Movimondo Agenzia Viaggi,"Via Roma, 4 - 62027 San Severino Marche (MC)",+390733637146,nome,cognome
149,Tessitore Viaggi di Tessitore Claudio,"Viale Europa, 7 - 81031 Aversa (CE)",+390818130744,nome,cognome
150,Pickwick-Le Marmotte-Gattinoni Mondo di Vacanze,"Piazza Alessandro Volta, 33 - 22100 Como (CO)",+39031243376,nome,cognome
151,Galizia Viaggi,"Via Domenico Cirillo, 192 - 72014 Cisternino (BR)",+390804441014,nome,cognome
152,Galizia Viaggi,"Via Domenico Cirillo, 192 - 72014 Cisternino (BR)",+393279847608,nome,cognome
153,Pertur Viaggi,"Via Gioacchino Pizzi, 45 - 63074 San Benedetto del Tronto (AP)",+390735594456,nome,cognome
154,Pertur Viaggi,"Via Gioacchino Pizzi, 45 - 63074 San Benedetto del Tronto (AP)",+390735595419,nome,cognome
155,Asfodelo Travel,"Via Generale Alfonso La Marmora, 60 - 09050 Pula (CA)",+390709249008,nome,cognome
156,Linea Gialla,"Via del Coroneo, 17 - 34133 Trieste (TS)",+39040635333,nome,cognome
157,Decibel Vacanze,"Via Malta, 19 - 09124 Cagliari (CA)",+39070664747,nome,cognome
158,Decibel Vacanze,"Via Malta, 19 - 09124 Cagliari (CA)",+393489400742,nome,cognome
159,Agenzia Viaggi Berlina,"Piazza Giuseppe Mazzini, 4 - 56127 Pisa (PI)",+39050970259,nome,cognome
160,Motonavi Andes Negrini,"Via S. Giorgio, 2 - 46100 Mantova (MN)",+390376322875,nome,cognome
161,Motonavi Andes Negrini,"Via S. Giorgio, 2 - 46100 Mantova (MN)",+390376360870,nome,cognome
162,Xplore Tour Operator,"Via Palmieri Pietro, 50 - 10138 Torino (TO)",+390118812311,nome,cognome
163,Le Residenze di Sant'Elmo,Località Sant'Elmo - 09040 Castiadas (SU),+393357447327,nome,cognome
164,Le Residenze di Sant'Elmo,Località Sant'Elmo - 09040 Castiadas (SU),+39070995123,nome,cognome
165,Discover Cefalù,"Via Falcone e Borsellino, 3 - 90015 Cefalù (PA)",+390921420932,nome,cognome
166,Discover Cefalù,"Via Falcone e Borsellino, 3 - 90015 Cefalù (PA)",+393397981261,nome,cognome
167,Cinti Viaggi,"Via dell'Industria, 12 - 60127 Ancona (AN)",+390712803549,nome,cognome
168,Matera Tour&Travel,"Via Ugo La Malfa, 19 - 75100 Matera (MT)",+390835204776,nome,cognome
169,Acli - Sede Provinciale Acli di Como,"Via Giuseppe Brambilla, 35 - 22100 Como (CO)",+390313312711,nome,cognome
170,Carloforte Sail Charter,"Corso Battellieri, SNC - 09014 Carloforte (SU)",+393472733268,nome,cognome
171,Centro Turismo Viaggi,"Via Borgo dei Leoni, 33 - 44121 Ferrara (FE)",+390532202347,nome,cognome
172,Milagro Travel,"Via Armando Diaz, 21 - 84122 Salerno (SA)",+390892753535,nome,cognome
173,Milagro Travel,"Via Armando Diaz, 21 - 84122 Salerno (SA)",+39089250105,nome,cognome
174,Magoni Viaggi,"Via Giovanni XXIII, 23 - 24030 Brembate di sopra (BG)",+39035333062,nome,cognome
175,Magoni Viaggi,"Via Giovanni XXIII, 23 - 24030 Brembate di sopra (BG)",+39035333063,nome,cognome
176,Agenzia Viaggi Tiziana 2007,"Via Nazionale, 125 - 54011 Aulla (MS)",+390187408443,nome,cognome
177,Agenzia Viaggi Tiziana 2007,"Via Nazionale, 125 - 54011 Aulla (MS)",+393284169252,nome,cognome
178,Agenzia Viaggi La Girandola,"Via Giulio Masini, 11/13 - 50053 Empoli (FI)",+390571711944,nome,cognome
179,Agenzia Viaggi La Girandola,"Via Giulio Masini, 11/13 - 50053 Empoli (FI)",+393387393154,nome,cognome
180,Attual Viaggi,"Piazza Francesco Redi, 1 - 61122 Pesaro (PU)",+39072154794,nome,cognome
181,Attual Viaggi,"Piazza Francesco Redi, 1 - 61122 Pesaro (PU)",+393486453764,nome,cognome
182,Boga Rent Firenze,"Borgo Ognissanti, 80R - 50123 Firenze (FI)",+390550981532,nome,cognome
183,Boga Rent Firenze,"Borgo Ognissanti, 80R - 50123 Firenze (FI)",+393454544467,nome,cognome
184,Nuova Valmar Srl,"Via Ichnusa, 35 - 09043 Muravera (SU)",+39070991278,nome,cognome
185,Nuova Valmar Srl,"Via Ichnusa, 35 - 09043 Muravera (SU)",+393518377277,nome,cognome
186,Viaggi Tropicana,"Via Garibaldi, 77/79 - 38068 Rovereto (TN)",+390464438380,nome,cognome
187,Agenzia Arena Immobiliare,"Via Adriatica, 46/1 - 33054 Lignano Sabbiadoro (UD)",+39043171194,nome,cognome
188,Carbinia Agenzia Viaggi,"Corso Vittorio Emanuele II, 49 - 72012 Carovigno (BR)",+390831992828,nome,cognome
189,Carbinia Agenzia Viaggi,"Corso Vittorio Emanuele II, 49 - 72012 Carovigno (BR)",+390831996971,nome,cognome
190,Carbinia Agenzia Viaggi,"Corso Vittorio Emanuele II, 49 - 72012 Carovigno (BR)",+393791386577,nome,cognome
191,Il Vacanziere,"Via Dell' Epomeo, 334/E - 80126 Napoli (NA)",+3908118787235,nome,cognome
192,Il Vacanziere,"Via Dell' Epomeo, 334/E - 80126 Napoli (NA)",+393760553920,nome,cognome
193,Il Vacanziere,"Via Dell' Epomeo, 334/E - 80126 Napoli (NA)",+393760553920,nome,cognome
194,Arara Viaggi,"Viale Regina Margherita, 9 - 42124 Reggio nell'Emilia (RE)",+3905221740139,nome,cognome
195,Arara Viaggi,"Viale Regina Margherita, 9 - 42124 Reggio nell'Emilia (RE)",+390522272990,nome,cognome
196,Moti Plus Travel,"Via Cesare Battisti, 43 - 63857 Amandola (FM)",+390736848765,nome,cognome
197,Agenzia Viaggi Damoner Tour,"Via Roma, 140 - 06083 Bastia Umbra (PG)",+390758005215,nome,cognome
198,Venice Italy Travel,"S. Marco, 5186 - 30100 Venezia (VE)",+390413422001,nome,cognome
199,Agenzia di Viaggi Black-River,"Viale Roma, 2 - 03012 Anagni (FR)",+390775733070,nome,cognome
200,Agenzia di Viaggi Black-River,"Viale Roma, 2 - 03012 Anagni (FR)",+393391662595,nome,cognome
201,Autolinee & Autonoleggio De Angelis Bus S.r.l,"Corso Umberto I, 28 - 75010 Grottole (MT)",+390835758126,nome,cognome
202,G & P Travel S.n.c.,"Via Arrigo Boito, 73/A - 20900 Monza (MB)",+39039380090,nome,cognome
203,Jonia Viaggi,"Corso Italia, 217 - 95014 Giarre (CT)",+39095932387,nome,cognome
204,Dantas International Service,"Via Jori Germano, 195/R - 16159 Genova (GE)",+393339051717,nome,cognome
205,Agenzia Viaggi Catalina Viaggi di Leidy Catalina Marsico,"Via Vittorio Emanuele III, 2 - 70020 Cassano delle Murge (BA)",+393517185744,nome,cognome
206,Agenzia Viaggi Catalina Viaggi di Leidy Catalina Marsico,"Via Vittorio Emanuele III, 2 - 70020 Cassano delle Murge (BA)",+390803021702,nome,cognome
207,Brasiliando Agenzia Viaggi,"Via dei Cerretani, 2 - 50123 Firenze (FI)",+390559363109,nome,cognome
208,Brasiliando Agenzia Viaggi,"Via dei Cerretani, 2 - 50123 Firenze (FI)",+393917618592,nome,cognome
209,Feelgoodtravel,"Via Venanzio Marone, 6 - 80077 Ischia Porto (NA)",+393347909920,nome,cognome
210,Feelgoodtravel,"Via Venanzio Marone, 6 - 80077 Ischia Porto (NA)",+390810120821,nome,cognome
211,Maori Land,"Via Fratelli Rosselli, 22 - 59013 Montemurlo (PO)",+390574686914,nome,cognome
212,Speratour By Leotour Sas Di Spera A. & C.,"Via Vittorio Emanuele, 156 - 80038 Pomigliano d'Arco (NA)",+390818032994,nome,cognome
213,Agenzia Viaggi Danieli Autoservizi,"Via San Francesco D'Assisi, 19 - 31033 Castelfranco Veneto (TV)",+390423472981,nome,cognome
214,Agenzia Viaggi Danieli Autoservizi,"Via San Francesco D'Assisi, 19 - 31033 Castelfranco Veneto (TV)",+390423472412,nome,cognome
215,Autoservizi Barbaccia Carmelo,Ss 121 - 90030 Bolognetta (PA),+390918724086,nome,cognome
216,Autoservizi Barbaccia Carmelo,Ss 121 - 90030 Bolognetta (PA),+393939254991,nome,cognome
217,Autoservizi Barbaccia Carmelo,Ss 121 - 90030 Bolognetta (PA),+393939470079,nome,cognome
218,Agenzia Viaggi e Turismo Sinferie Turistica Unitour,"Piazzale Giovanni Bertacchi, 80/A - 23100 Sondrio (SO)",+390342217327,nome,cognome
219,Cala Brandinchi,Cala Brandinchi - 07052 San Teodoro (SS),+393391331653,nome,cognome
220,Kronos Viaggi e Turismo,"Piazza Giacomo Matteotti, 8 - 75100 Matera (MT)",+390835330291,nome,cognome
221,Kronos Viaggi e Turismo,"Piazza Giacomo Matteotti, 8 - 75100 Matera (MT)",+393483868984,nome,cognome
222,Kronos Viaggi e Turismo,"Piazza Giacomo Matteotti, 8 - 75100 Matera (MT)",+393483889044,nome,cognome
223,Bini Viaggi,Località La Sala - 57016 Rosignano Marittimo (LI),+390586723333,nome,cognome
224,Bini Viaggi,Località La Sala - 57016 Rosignano Marittimo (LI),+39800948948,nome,cognome
225,Sicilissimo Incoming,"Via Francesco Paolo di Blasi, 14 - 90144 Palermo (PA)",+390917308304,nome,cognome
226,Autoservizi Locatelli,"Via Alessandro Furietti, 17 - 24126 Bergamo (BG)",+39035319366,nome,cognome
227,Imperatore Travel World Srl,"Via Baiola, 97 - 80075 Forio (NA)",+390813339800,nome,cognome
228,Zeus Viaggi - Noleggio Pullman,"Via Cap. Rizzo, 276 - 91100 Fulgatore (TP)",+393494126860,nome,cognome
229,Zeus Viaggi - Noleggio Pullman,"Via Cap. Rizzo, 276 - 91100 Fulgatore (TP)",+390923811397,nome,cognome
230,Zeus Viaggi - Noleggio Pullman,"Via Cap. Rizzo, 276 - 91100 Fulgatore (TP)",+393291794251,nome,cognome
231,Visite Guidate Guida Turistica Abilitata Torino,"Via San Remo, 35 - 10100 Torino (TO)",+393939553798,nome,cognome
232,Visite Guidate Guida Turistica Abilitata Torino,"Via San Remo, 35 - 10100 Torino (TO)",+393468659913,nome,cognome
233,Case Pescatori Lampedusa,"Via Lido Azzurro, 23 - 92031 Lampedusa (AG)",+393775391727,nome,cognome
234,Aliconsulting Travel,"Via Nomentana, 1010/A - 00137 Roma (RM)",+39068080162,nome,cognome
235,Agenzia Viaggi Expert Travel,"Via IV Novembre, 43 - 26013 Crema (CR)",+39037384694,nome,cognome
236,Guide Padova Veneto,"Via Sacro Cuore, 85 - 35135 Padova (PD)",+393473298411,nome,cognome
237,Migliazzo Viaggi - Agenzia Viaggi a Gangi - Petralia Soprana - Castellana Sicula,"Corso Umberto ⅰ, 31 - 90024 Gangi (PA)",+390921644128,nome,cognome
238,Migliazzo Viaggi - Agenzia Viaggi a Gangi - Petralia Soprana - Castellana Sicula,"Corso Umberto ⅰ, 31 - 90024 Gangi (PA)",+393351218880,nome,cognome
239,Decio Viaggi,"Viale Vittorio Veneto, 8/A - 21013 Gallarate (VA)",+390331775461,nome,cognome
240,Decio Viaggi,"Viale Vittorio Veneto, 8/A - 21013 Gallarate (VA)",+393346623022,nome,cognome
241,Pushstart,"Via Alfredo Dino Ferrari, 41 - 41053 Maranello (MO)",+390536945888,nome,cognome
242,Taferner Agenzia Viaggi - Reisebuero,"Via Centrale, 40 - 39031 Brunico (BZ)",+390474377010,nome,cognome
243,Taferner Agenzia Viaggi - Reisebuero,"Via Centrale, 40 - 39031 Brunico (BZ)",+390474377000,nome,cognome
244,Euro Tour - Rent - Excursions And Transfer,"Via Malta, 20 - 96100 Siracusa (SR)",+390931584258,nome,cognome
245,Euro Tour - Rent - Excursions And Transfer,"Via Malta, 20 - 96100 Siracusa (SR)",+393406737379,nome,cognome
246,Grotta su Marmuri,Piazzale Grotte su Murmuri - 08040 Ulassai (NU),+39078279859,nome,cognome
247,Grotta su Marmuri,Piazzale Grotte su Murmuri - 08040 Ulassai (NU),+393292268188,nome,cognome
248,Ontario Viaggi,"Piazza V. Veneto, 7 - 21046 Malnate (VA)",+390332429469,nome,cognome
249,Viaggi e Vacanze Zarantonello,"Viale Trieste, 61 - 36075 Montecchio Maggiore (VI)",+390444491888,nome,cognome
250,Togni Bus,"Via Giovanni Agnelli, 6/6A - 25086 Rezzato (BS)",+390302793388,nome,cognome
251,Togni Bus,"Via Giovanni Agnelli, 6/6A - 25086 Rezzato (BS)",+393408336445,nome,cognome
252,Agenzia Anthos Viaggi,"Via della Pallotta, 18/C - 06126 Perugia (PG)",+3907530465,nome,cognome
253,Agenzia Failla Viaggi,"Contrada Piana Spito, SNC - 92016 Ribera (AG)",+39092567400,nome,cognome
254,Agenzia Failla Viaggi,"Contrada Piana Spito, SNC - 92016 Ribera (AG)",+39092561962,nome,cognome
255,Italbus,"Via al Dos De La Roda, 12 - 38057 Ciré (TN)",+39336356720,nome,cognome
256,Agenzia Viaggi e Turismo Le Voyage,"Via De Robertis, 4 - 76125 Trani (BT)",+390883481116,nome,cognome
257,Agenzia Viaggi e Turismo Le Voyage,"Via De Robertis, 4 - 76125 Trani (BT)",+390883489172,nome,cognome
258,Enciclopedia del Viaggio,"Piazza San Tomaso, 10 - 37129 Verona (VR)",+390458011441,nome,cognome
259,Agenzia Viaggi Trayna Travel,"Via Francesco Schifani, 5 - 94018 Troina (EN)",+390935653666,nome,cognome
260,Agenzia Viaggi Trayna Travel,"Via Francesco Schifani, 5 - 94018 Troina (EN)",+393332401957,nome,cognome
261,Agenzia Viaggi Trayna Travel,"Via Francesco Schifani, 5 - 94018 Troina (EN)",+393396953516,nome,cognome
262,Azienda di Soggiorno e Turismo,"Corso della Libertà, 45 - 39012 Merano (BZ)",+390473272000,nome,cognome
263,Luis Pichler,"Via Piave, 14/16 - 39100 Bolzano (BZ)",+390471976064,nome,cognome
264,Luis Pichler,"Via Piave, 14/16 - 39100 Bolzano (BZ)",+390471976065,nome,cognome
265,Autonoleggio Mercorillo,"Corso Indipendenza, 225 - 97011 Acate (RG)",+390932989314,nome,cognome
266,Immobiliare Eraclea Sas,"Piazza Garibaldi, 2 - 30020 Eraclea (VE)",+390421231940,nome,cognome
267,Agenzia Viaggi Ibla Tour,"Via Edison, 7 - 92029 Ravanusa (AG)",+390922874658,nome,cognome
268,Agenzia Viaggi Ibla Tour,"Via Edison, 7 - 92029 Ravanusa (AG)",+393297910491,nome,cognome
269,Agenzia Viaggi Ibla Tour,"Via Edison, 7 - 92029 Ravanusa (AG)",+390922881725,nome,cognome
270,Etli Viaggi,"Via A. Rossi, 1 - 36100 Vicenza (VI)",+390444964713,nome,cognome
271,Agenzia Viaggio Nuove Mete,"Piazzetta Raimondo Persenico, 2/A - 23022 Chiavenna (SO)",+39034337683,nome,cognome
272,Agenzia Viaggio Nuove Mete,"Piazzetta Raimondo Persenico, 2/A - 23022 Chiavenna (SO)",+393922619608,nome,cognome
273,Cerrano Services Agenzia Turistica Tour Operator,"Via D'Annunzio Gabriele, 187/189 - 64025 Pineto (TE)",+390859493526,nome,cognome
274,Agenzia Viaggi Co.A.Ci-Noleggio Autobus e Minibus,"Via Giovanbattista Pergolesi, 1 - 62011 Strada (MC)",+390733714796,nome,cognome
275,Agenzia Viaggi Co.A.Ci-Noleggio Autobus e Minibus,"Via Giovanbattista Pergolesi, 1 - 62011 Strada (MC)",+39336726260,nome,cognome
276,Annunziata Domenico Noleggio Autobus,"Via Pioppazze, 21/27 - 84087 Sarno (SA)",+39081941247,nome,cognome
277,Annunziata Domenico Noleggio Autobus,"Via Pioppazze, 21/27 - 84087 Sarno (SA)",+393331076271,nome,cognome
278,Galileo Compagnia Pisana Autoservizi Turistici,"Via Tommaso Edison, 9 - 56025 Pontedera (PI)",+390587483047,nome,cognome
279,Hfc Italia,"Via di San Maria Maggiore, 129 - 00184 Roma (RM)",+390648913498,nome,cognome
280,Primavera Viaggi,"Via Ricasoli, 9 - 50122 Firenze (FI)",+39055282042,nome,cognome
281,Quad Sardinia,"Via S'Ortale, 26 - 08028 Orosei (NU)",+393426480028,nome,cognome
282,Di Costanzo Autonoleggi,"Contrada San Rocco, 16 - 65010 Collecorvino (PE)",+390858207134,nome,cognome
283,Di Costanzo Autonoleggi,"Contrada San Rocco, 16 - 65010 Collecorvino (PE)",+39337912577,nome,cognome
284,Di Costanzo Autonoleggi,"Contrada San Rocco, 16 - 65010 Collecorvino (PE)",+393892471225,nome,cognome
285,Eurotour Agenzia Viaggi,"Via Teramo, 45 - 65121 Pescara (PE)",+390854224040,nome,cognome
286,Eurotour Agenzia Viaggi,"Via Teramo, 45 - 65121 Pescara (PE)",+393287287173,nome,cognome
287,Eurotour Agenzia Viaggi,"Via Teramo, 45 - 65121 Pescara (PE)",+393939034191,nome,cognome
288,Lemon tour,"Via Vittorio Emanuele II, 104 - 95131 Catania (CT)",+393402617996,nome,cognome
289,Il Tropico del Cancro - Agenzia Viaggi,"Via Manzoni, 220 - 06135 Perugia (PG)",+390755723439,nome,cognome
290,Il Tropico del Cancro - Agenzia Viaggi,"Via Manzoni, 220 - 06135 Perugia (PG)",+393403932494,nome,cognome
291,Toro Travel,"Via Edmondo De Amicis, 60/62 - 70014 Conversano (BA)",+390802048187,nome,cognome
292,Toro Travel,"Via Edmondo De Amicis, 60/62 - 70014 Conversano (BA)",+393338991536,nome,cognome
293,Agenzia Viaggi Emozioni in Valigia,"Via Nazionale, 109/111 - 25052 Piancogno (BS)",+390364361335,nome,cognome
294,Aladino Viaggi,"Via Cilea, 157 - 80127 Napoli (NA)",+390815799108,nome,cognome
295,Aladino Viaggi,"Via Cilea, 157 - 80127 Napoli (NA)",+390815798428,nome,cognome
296,Cusinato Viaggi,"Piazza Faustino Facchetti, 1 - 35013 Cittadella (PD)",+390495972463,nome,cognome
297,Cusinato Viaggi,"Piazza Faustino Facchetti, 1 - 35013 Cittadella (PD)",+390495972622,nome,cognome
298,Ielpo Travel Agenzia Viaggi e Turismo,"Contrada Sant'Alfonso, 217 - 85044 Lauria (PZ)",+390973827035,nome,cognome
299,Ielpo Travel Agenzia Viaggi e Turismo,"Contrada Sant'Alfonso, 217 - 85044 Lauria (PZ)",+393383537270,nome,cognome
300,Latham Tour Agenzia di Viaggi,"Via G. Matteotti, 127/A - 03023 Ceccano (FR)",+390775600780,nome,cognome
301,Positano Transfer - Transfer Tour Amalfi,"Via degli Aranci, 39 - 80067 Sorrento (NA)",+393391239039,nome,cognome
302,Il Sesto Continente Sas,"Via Kennedy, 40 - 25030 Torbole Casaglia (BS)",+393392357975,nome,cognome
303,Il Sesto Continente Sas,"Via Kennedy, 40 - 25030 Torbole Casaglia (BS)",+390302650478,nome,cognome
304,Romantica Blue Tours,"Via Gaio Melisso, 13 - 00175 Roma (RM)",+39067141917,nome,cognome
305,Romantica Blue Tours,"Via Gaio Melisso, 13 - 00175 Roma (RM)",+39067142017,nome,cognome
306,Societa' Cooperativa Turistica Vipiteno - Val di Vizze - Campo di Trens,"Piazza Città, 3 - 39049 Vipiteno (BZ)",+390472765325,nome,cognome
307,Jojoba Tour,"Via Portici, 27 - 21047 Saronno (VA)",+39029622392,nome,cognome
308,Il Richiamo delle Vacanze,"Via G. Braga, 205 - 59021 Vaiano (PO)",+390574988470,nome,cognome
309,Aledo Viaggi,"Piazza San Silvestro, 2/B - 25012 Calvisano (BS)",+390309968673,nome,cognome
310,Punto Touring Bologna,"Viale Oriani Alfredo, 17/A - 40137 Bologna (BO)",+390516360962,nome,cognome
311,Punto Touring Bologna,"Viale Oriani Alfredo, 17/A - 40137 Bologna (BO)",+393272889059,nome,cognome
